N,G,X,Y,T,
hot,m,292,363,15,
Gorgonzola,m,286,362,57,
GHOSTOfDEAD*,m,306,358,118,
shed,mm,311,365,147,
shed,mm,311,366,148,
shed,mm,311,367,149,
shed,mm,312,366,155,
JoeB1,mm,298,342,166,
[ SL=]×DeAtHxPaULx 5,m,297,341,171,
shed,mm,318,366,196,
KAgura29,m,322,359,224,
asver,mm,320,378,234,
Ziix 金,m,267,389,264,
Samara,m,327,354,264,
popo777,m,285,325,282,
KarnaVI 金,m,300,409,337,
Rox Pray,mm,316,406,355,
Mikejla,mm,337,391,381,
Learn2code,mm,316,413,398,
No1Botddhh,mm,301,421,420,
WhiteWolf,m,286,304,424,
Dragon End,mm,323,415,433,
Oowing,m,342,328,436,
Alirou,m,315,421,446,
PakowO,m,343,325,454,
BorisJohson,mm,299,299,459,
hauruu,mm,237,400,472,
Grow,m,302,429,476,
HeyNiceShoes,m,300,431,487,
Mind trick,mm,226,418,608,
Fortitude,mm,225,418,613,
BENDESENIN&,mm,204,351,628,
JEDI Sleep,m,373,425,719,
DontBlink,m,161,308,995,
SSbklkiraNAG03,m,150,392,1015,
SSbklkiraNAG03,mm,150,393,1016,
SSbklkiraNAG03,mm,150,394,1018,
Davina,m,140,402,1098,
Royal Cannon &,m,131,383,1134,
[Kill]Oeil Cyclone G,m,133,432,1211,
[Kill]Oeil Cyclone G,m,133,433,1214,
[Kill]Oeil Cyclone G,m,132,432,1217,
[Kill]voivod 666,m,132,433,1220,
KIMINOTOo,m,84,295,1525,
KIMINOTOo,m,83,294,1534,
Rincewind8 3,m,501,444,1562,
tornade 金,m,18,374,1907,
takkan6364 4,m,11,314,1983,
masternest 2.6,m,0,281,2108,
nevimfakt 金,m,102,601,2116,
VelvetMitten,m,43,571,2254,
TW Angel,m,50,582,2267,
DN22,m,18,579,2422,
LK30,m,17,579,2428,
EggBoy,m,4,582,2511,
MoMotiN 金,m,336,731,2572,
